{"cameraMode":{"drawMode":0,"name":"Shaded","section":"Shading Mode"},"sceneLighting":true,"audioPlay":false,"sceneViewState":{"m_AlwaysRefresh":false,"showFog":true,"showSkybox":true,"showFlares":true,"showImageEffects":true,"showParticleSystems":true,"showVisualEffectGraphs":true,"m_FxEnabled":true},"in2DMode":false,"pivot":{"x":921.3514404296875,"y":630.3443603515625,"z":2480.5009765625},"rotation":{"x":-0.022810736671090127,"y":0.00754581531509757,"z":-0.00018207229732070118,"w":-0.9997408390045166},"size":2179.477783203125,"orthographic":false}