{"cameraMode":{"drawMode":0,"name":"Shaded","section":"Shading Mode"},"sceneLighting":true,"audioPlay":false,"sceneViewState":{"m_AlwaysRefresh":false,"showFog":true,"showSkybox":true,"showFlares":true,"showImageEffects":true,"showParticleSystems":true,"showVisualEffectGraphs":true,"m_FxEnabled":true},"in2DMode":false,"pivot":{"x":-1.3311588764190674,"y":0.1903468370437622,"z":27.686450958251954},"rotation":{"x":0.015307924710214138,"y":-0.012002346105873585,"z":0.00018340162932872772,"w":0.9998140931129456},"size":25.815357208251954,"orthographic":false}